<?xml version="1.0" encoding="UTF-8"?>
<StickerGroup version="v1" package_number="300" sticker_count="28" price="0" designer="سعید ملک" field="طنز" name="پرنده ی مهربون" thumbnail="v1_300_thumb.png" description="پرنده ی مهربون ساینا">
	<StickerItem sticker_number="1" ver-span="2" hor-span="2" x-axis="0" y-axis="0">
		<original-image-name>v1_300_001_orig.png</original-image-name>
		<thumbnail-image-name>v1_300_001_thumb.png</thumbnail-image-name>
	</StickerItem>

	<StickerItem sticker_number="2" ver-span="2" hor-span="1" x-axis="2" y-axis="0">
		<original-image-name>v1_300_019_orig.png</original-image-name>
		<thumbnail-image-name>v1_300_019_thumb.png</thumbnail-image-name>
	</StickerItem>

	<StickerItem sticker_number="3" ver-span="2" hor-span="2" x-axis="3" y-axis="0">
		<original-image-name>v1_300_005_orig.png</original-image-name>
		<thumbnail-image-name>v1_300_005_thumb.png</thumbnail-image-name>
	</StickerItem>

	<StickerItem sticker_number="4" ver-span="2" hor-span="2" x-axis="0" y-axis="2">
		<original-image-name>v1_300_003_orig.png</original-image-name>
		<thumbnail-image-name>v1_300_003_thumb.png</thumbnail-image-name>
	</StickerItem>

	<StickerItem sticker_number="5" ver-span="2" hor-span="1" x-axis="2" y-axis="2">
		<original-image-name>v1_300_004_orig.png</original-image-name>
		<thumbnail-image-name>v1_300_004_thumb.png</thumbnail-image-name>
	</StickerItem>

	<StickerItem sticker_number="6" ver-span="2" hor-span="2" x-axis="3" y-axis="2">
		<original-image-name>v1_300_010_orig.png</original-image-name>
		<thumbnail-image-name>v1_300_010_thumb.png</thumbnail-image-name>
	</StickerItem>

	<StickerItem sticker_number="7" ver-span="2" hor-span="1" x-axis="0" y-axis="4">
		<original-image-name>v1_300_007_orig.png</original-image-name>
		<thumbnail-image-name>v1_300_007_thumb.png</thumbnail-image-name>
	</StickerItem>

	<StickerItem sticker_number="8" ver-span="2" hor-span="2" x-axis="1" y-axis="4">
		<original-image-name>v1_300_022_orig.png</original-image-name>
		<thumbnail-image-name>v1_300_022_thumb.png</thumbnail-image-name>
	</StickerItem>

	<StickerItem sticker_number="9" ver-span="2" hor-span="2" x-axis="3" y-axis="4">
		<original-image-name>v1_300_021_orig.png</original-image-name>
		<thumbnail-image-name>v1_300_021_thumb.png</thumbnail-image-name>
	</StickerItem>

	<StickerItem sticker_number="10" ver-span="2" hor-span="2" x-axis="0" y-axis="6">
		<original-image-name>v1_300_026_orig.png</original-image-name>
		<thumbnail-image-name>v1_300_026_thumb.png</thumbnail-image-name>
	</StickerItem>

	<StickerItem sticker_number="11" ver-span="2" hor-span="2" x-axis="2" y-axis="6">
		<original-image-name>v1_300_008_orig.png</original-image-name>
		<thumbnail-image-name>v1_300_008_thumb.png</thumbnail-image-name>
	</StickerItem>

	<StickerItem sticker_number="12" ver-span="2" hor-span="1" x-axis="4" y-axis="6">
		<original-image-name>v1_300_013_orig.png</original-image-name>
		<thumbnail-image-name>v1_300_013_thumb.png</thumbnail-image-name>
	</StickerItem>

	<StickerItem sticker_number="13" ver-span="2" hor-span="2" x-axis="0" y-axis="8">
		<original-image-name>v1_300_014_orig.png</original-image-name>
		<thumbnail-image-name>v1_300_014_thumb.png</thumbnail-image-name>
	</StickerItem>

	<StickerItem sticker_number="14" ver-span="2" hor-span="2" x-axis="2" y-axis="8">
		<original-image-name>v1_300_029_orig.png</original-image-name>
		<thumbnail-image-name>v1_300_029_thumb.png</thumbnail-image-name>
	</StickerItem>

	<StickerItem sticker_number="15" ver-span="2" hor-span="1" x-axis="4" y-axis="8">
		<original-image-name>v1_300_006_orig.png</original-image-name>
		<thumbnail-image-name>v1_300_006_thumb.png</thumbnail-image-name>
	</StickerItem>

	<StickerItem sticker_number="16" ver-span="2" hor-span="1" x-axis="0" y-axis="10">
		<original-image-name>v1_300_020_orig.png</original-image-name>
		<thumbnail-image-name>v1_300_020_thumb.png</thumbnail-image-name>
	</StickerItem>

	<StickerItem sticker_number="17" ver-span="2" hor-span="2" x-axis="1" y-axis="10">
		<original-image-name>v1_300_028_orig.png</original-image-name>
		<thumbnail-image-name>v1_300_028_thumb.png</thumbnail-image-name>
	</StickerItem>

	<StickerItem sticker_number="18" ver-span="2" hor-span="2" x-axis="3" y-axis="10">
		<original-image-name>v1_300_024_orig.png</original-image-name>
		<thumbnail-image-name>v1_300_024_thumb.png</thumbnail-image-name>
	</StickerItem>

	<StickerItem sticker_number="19" ver-span="2" hor-span="2" x-axis="0" y-axis="12">
		<original-image-name>v1_300_015_orig.png</original-image-name>
		<thumbnail-image-name>v1_300_015_thumb.png</thumbnail-image-name>
	</StickerItem>

	<StickerItem sticker_number="20" ver-span="2" hor-span="1" x-axis="2" y-axis="12">
		<original-image-name>v1_300_009_orig.png</original-image-name>
		<thumbnail-image-name>v1_300_009_thumb.png</thumbnail-image-name>
	</StickerItem>

	<StickerItem sticker_number="21" ver-span="2" hor-span="1" x-axis="3" y-axis="12">
		<original-image-name>v1_300_027_orig.png</original-image-name>
		<thumbnail-image-name>v1_300_027_thumb.png</thumbnail-image-name>
	</StickerItem>

	<StickerItem sticker_number="22" ver-span="2" hor-span="1" x-axis="4" y-axis="12">
		<original-image-name>v1_300_025_orig.png</original-image-name>
		<thumbnail-image-name>v1_300_025_thumb.png</thumbnail-image-name>
	</StickerItem>

	<StickerItem sticker_number="23" ver-span="2" hor-span="1" x-axis="0" y-axis="14">
		<original-image-name>v1_300_012_orig.png</original-image-name>
		<thumbnail-image-name>v1_300_012_thumb.png</thumbnail-image-name>
	</StickerItem>

	<StickerItem sticker_number="24" ver-span="2" hor-span="2" x-axis="1" y-axis="14">
		<original-image-name>v1_300_018_orig.png</original-image-name>
		<thumbnail-image-name>v1_300_018_thumb.png</thumbnail-image-name>
	</StickerItem>

	<StickerItem sticker_number="25" ver-span="2" hor-span="2" x-axis="3" y-axis="14">
		<original-image-name>v1_300_011_orig.png</original-image-name>
		<thumbnail-image-name>v1_300_011_thumb.png</thumbnail-image-name>
	</StickerItem>

	<StickerItem sticker_number="26" ver-span="2" hor-span="2" x-axis="0" y-axis="16">
		<original-image-name>v1_300_016_orig.png</original-image-name>
		<thumbnail-image-name>v1_300_016_thumb.png</thumbnail-image-name>
	</StickerItem>

	<StickerItem sticker_number="27" ver-span="2" hor-span="1" x-axis="2" y-axis="16">
		<original-image-name>v1_300_017_orig.png</original-image-name>
		<thumbnail-image-name>v1_300_017_thumb.png</thumbnail-image-name>
	</StickerItem>

	<StickerItem sticker_number="28" ver-span="2" hor-span="2" x-axis="3" y-axis="16">
		<original-image-name>v1_300_002_orig.png</original-image-name>
		<thumbnail-image-name>v1_300_002_thumb.png</thumbnail-image-name>
	</StickerItem>
</StickerGroup>
